id_cliente,primeiro_nome,segundo_nome,ultimo_nome,cidade,idade,data_cadastro
1,Cecília,,Cassiano,Pastor Grande,20,2019-02-20
2,Dra.,Isabelly da,Rosa,Borges de Duarte,33,2017-08-10
3,Srta.,Fernanda da,Mata,Borges do Galho,56,2012-01-23
4,Maria,Vitória,Barros,Mendonça de Peixoto,46,2019-02-01
5,Ana,Carolina,Araújo,Carvalho,45,2017-10-24
6,Davi,Lucas Casa,Grande,Jesus Paulista,45,2022-02-05
7,Sophia,,Leão,Nunes Grande,50,2017-02-24
8,Luna,,Pinto,da Paz Alegre,36,2019-01-26
9,André,,Azevedo,Fogaça da Prata,31,2013-10-26
10,Dr.,Otto,Alves,Mendes,22,2022-01-17
11,Pedro,Henrique,Guerra,Sampaio da Praia,49,2019-07-22
12,Sarah,,Castro,Caldeira do Oeste,18,2015-09-26
13,Bryan,,Jesus,Costa da Prata,22,2021-03-08
14,Theodoro,,Aparecida,Brito,21,2016-04-11
15,Pedro,Henrique,Moreira,Nascimento da Prata,32,2015-11-01
16,Maya,,Cunha,Vargas dos Dourados,63,2014-10-12
17,Srta.,Luiza,Cunha,Mendonça,58,2014-08-28
18,Isaac,,Barbosa,Albuquerque,26,2019-08-23
19,Ana,Júlia,Barros,Pereira,59,2013-06-02
20,Bernardo,da,Cruz,Rodrigues Grande,51,2016-04-05
21,Jade,,Lopes,Cirino,45,2022-09-29
22,Theodoro,,Cassiano,Dias da Serra,63,2014-04-17
23,Noah,,Novais,Pinto do Sul,62,2022-12-15
24,Ana,Júlia,Farias,Farias da Praia,20,2015-05-24
25,Pietra,,Pires,Montenegro das Pedras,65,2022-03-03
26,Heloísa,,Abreu,Viana das Pedras,52,2021-01-01
27,Daniela,,Borges,Vieira do Galho,20,2012-03-26
28,Beatriz,,Rios,Garcia Alegre,54,2021-07-07
29,André,,Azevedo,Souza dos Dourados,53,2021-04-23
30,Emanuel,Casa,Grande,Correia de Martins,56,2015-07-31
31,Raquel,da,Rocha,Ramos,29,2018-11-30
32,Luna,,Caldeira,Vasconcelos,56,2014-03-25
33,Sr.,Nathan,Leão,da Cunha da Praia,51,2019-09-15
34,José,Miguel da,Rosa,Cavalcante do Campo,31,2015-06-11
35,Sra.,Rafaela,Campos,Alves de Caldeira,27,2020-07-12
36,Isadora,,Garcia,Souza das Flores,49,2018-07-22
37,Ana,Carolina,Rodrigues,Montenegro de Goiás,50,2022-01-18
38,Calebe,da,Cunha,Albuquerque de Jesus,60,2021-02-06
39,Isabella,,Pereira,Cunha,23,2014-04-10
40,Gabriel,,Machado,Rodrigues do Oeste,63,2017-09-25
41,João,Lucas,Moraes,Rodrigues,42,2016-04-27
42,Maria,Liz,Machado,Cardoso de Ramos,44,2014-03-17
43,Natália,,Monteiro,Campos da Prata,44,2015-06-15
44,Sra.,Ester,Fonseca,Costela Alegre,28,2020-10-05
45,Alana,,Pacheco,Alves,39,2022-05-15
46,Ravi,Lucca,Camargo,Moreira,27,2012-01-13
47,Lara,,Ferreira,Barros do Amparo,50,2015-02-01
48,Luiz,Miguel,Câmara,Sales de Almeida,45,2022-06-29
49,Leonardo,,Dias,Ferreira,65,2015-05-18
50,Eloá,,Moura,Rodrigues da Prata,42,2020-05-18
51,Dra.,Isadora,Siqueira,Silveira do Amparo,40,2016-09-11
52,Vitor,,Cassiano,Fogaça da Serra,36,2017-11-06
53,Ryan,,Alves,Pastor do Amparo,52,2022-05-06
54,Vitor,Hugo,Caldeira,Silveira,39,2015-02-20
55,Léo,,Dias,Ribeiro,51,2019-10-26
56,Oliver,,Caldeira,Oliveira,55,2017-08-05
57,Ana,Vitória,Fernandes,Nunes do Campo,45,2021-05-15
58,Anthony,Gabriel,Vasconcelos,Castro dos Dourados,48,2012-07-18
59,Luiz,Fernando,Siqueira,Pastor Grande,44,2021-03-19
60,Heloísa,,Teixeira,Alves da Mata,64,2015-08-23
61,João,Vitor,Marques,Moraes de Goiás,64,2020-08-21
62,Ana,Beatriz da,Rosa,Lima Grande,63,2020-03-28
63,Ravi,Lucca,Viana,Ramos de Novais,61,2018-09-22
64,Isaque,,Nascimento,Mendonça,33,2018-12-03
65,Dr.,Davi Lucca da,Costa,Marques de Macedo,44,2021-08-01
66,Pietro,,Lima,da Cunha,20,2019-04-07
67,Daniela,,Sá,Costela,35,2017-07-02
68,João,Lucas,Carvalho,Sales da Serra,40,2022-10-28
69,Vitor,Hugo,Vieira,Sales,60,2017-12-01
70,Vitor,Gabriel,Campos,Pimenta Verde,61,2017-04-21
71,João,Lucas,Pacheco,Cirino de Goiás,28,2017-03-11
72,Rebeca,,Vargas,Fonseca do Galho,41,2017-05-13
73,Bernardo,da,Mota,Costa,49,2016-05-10
74,Benjamin,,Ramos,Camargo da Prata,55,2014-11-28
75,Mariana,,Fogaça,Novaes do Norte,53,2019-09-08
76,Sr.,Benjamin,Lopes,Moreira,28,2017-08-28
77,Laura,,Marques,Pimenta Alegre,37,2022-09-25
78,João,Guilherme,Costela,Ferreira,35,2014-03-10
79,Ana,Liz,Cardoso,Sá,40,2015-05-05
80,Sr.,Henry,Leão,Costa,60,2012-11-01
81,Rafaela,,Freitas,Silva,28,2018-01-31
82,Jade,,Garcia,Albuquerque,49,2015-07-19
83,Davi,,Rodrigues,Vargas,18,2013-08-17
84,Maria,Liz,Lopes,Oliveira da Praia,62,2019-07-18
85,Maria,Luísa da,Luz,Viana de Pacheco,64,2013-07-06
86,Allana,,Silveira,Fogaça,25,2014-02-07
87,Agatha,,Freitas,da Conceição Grande,34,2018-01-09
88,Eduardo,,Pacheco,Cirino,38,2017-10-10
89,Kamilly,,Fonseca,Barbosa do Oeste,27,2013-05-16
90,Vitor,Gabriel da,Paz,Mendonça do Oeste,26,2014-04-30
91,Maria,Sophia,Cardoso,Barbosa do Norte,44,2021-06-10
92,Maya,,Garcia,Cardoso,36,2013-04-06
93,Benicio,,Nunes,Martins das Pedras,35,2015-08-28
94,Henrique,,Siqueira,Silveira,35,2016-08-11
95,Dra.,Laís,Aparecida,Pinto de Monteiro,61,2019-09-01
96,Raul,,Rodrigues,Rocha de Albuquerque,47,2022-07-20
97,Bruna,,Câmara,Jesus,44,2020-08-07
98,Yan,,Ribeiro,Castro,53,2019-05-28
99,Maria,,Ramos,Gomes da Mata,43,2022-02-25
100,Melissa,,Andrade,Correia,20,2021-03-09
101,Marcela,da,Costa,Cardoso de Rios,50,2014-06-17
102,João,Vitor,Duarte,Costa Verde,27,2016-10-24
103,Dr.,Francisco,Nunes,Ferreira do Galho,55,2018-10-16
104,Mirella,,Garcia,Pinto de Mendonça,48,2017-01-16
105,Maria,Luiza,Vargas,Fonseca dos Dourados,35,2019-05-21
106,Maria,Alice,Farias,Farias,39,2013-04-20
107,Marina,,Campos,Castro,38,2017-02-13
108,Isabella,,Silva,da Cruz da Praia,54,2012-08-28
109,Liam,da,Paz,Peixoto das Flores,23,2022-10-21
110,Srta.,Lavínia,Campos,da Paz de Lima,48,2012-10-05
111,Maysa,,Gonçalves,Correia do Norte,53,2015-01-18
112,Sr.,Gael,Fogaça,Porto das Pedras,62,2014-02-05
113,Isis,,Barros,Rocha,44,2013-05-17
114,Ravy,,Novais,Cassiano,36,2015-01-11
115,Valentina,,Campos,Santos,42,2020-09-04
116,Otávio,,Silveira,da Mata,55,2015-05-19
117,Evelyn,,Pinto,Vargas,23,2019-01-08
118,Sr.,José Miguel da,Conceição,Câmara de Garcia,43,2019-07-11
119,Aurora,,Moreira,Brito,20,2012-08-02
120,Dante,,Vieira,Silva do Galho,21,2016-07-29
121,Dra.,Stephany da,Rosa,Marques de Vieira,34,2021-12-19
122,Ester,,Teixeira,Oliveira do Sul,52,2018-07-14
123,Maitê,,Moura,Ramos de Novaes,42,2018-10-03
124,Vitor,,Rocha,Fernandes,50,2016-12-21
125,Heloísa,,Santos,Sá,25,2022-04-02
126,Erick,,Sá,Moreira do Galho,40,2016-06-14
127,Maria,Laura,Andrade,Nunes de Pires,59,2022-08-04
128,Gabrielly,,Macedo,Vargas da Praia,34,2021-08-16
129,Laís,,Gomes,da Cruz,22,2016-01-27
130,Zoe,,Vasconcelos,Montenegro,25,2017-11-30
131,Bryan,,Almeida,Duarte,57,2015-01-31
132,Ravy,da,Paz,da Luz,48,2013-12-01
133,Ana,Vitória,Barros,Nogueira de Rodrigues,40,2014-12-23
134,João,Vitor,Aragão,Castro de Minas,37,2022-03-23
135,Henry,,Farias,Campos do Amparo,47,2013-03-14
136,Sr.,Nicolas,Costela,Nunes Grande,43,2018-02-17
137,Eduardo,,Caldeira,da Rosa,33,2012-05-01
138,Yasmin,,Pires,Costela da Serra,50,2012-04-26
139,Maria,Luiza,Marques,Sampaio,29,2012-07-15
140,Bento,,Almeida,Cardoso Verde,50,2019-06-26
141,Renan,,Macedo,Novais dos Dourados,63,2017-05-22
142,Ian,da,Mata,Rodrigues dos Dourados,35,2020-04-20
143,Srta.,Lorena,Silveira,Nunes de Viana,46,2020-08-01
144,Vinicius,,Câmara,Souza da Prata,26,2021-07-28
145,Anthony,,Ribeiro,da Cruz de Almeida,47,2017-01-21
146,Maria,Isis da,Cunha,da Rocha de Freitas,39,2021-03-01
147,Guilherme,da,Cruz,Fogaça dos Dourados,25,2015-11-19
148,Helena,,Cirino,Sá de da Luz,40,2019-09-10
149,Pedro,Henrique,Campos,Aparecida,52,2012-11-16
150,Enrico,,Araújo,das Neves das Pedras,44,2019-11-28
151,Marcela,,Araújo,Cavalcanti,19,2021-01-06
152,Ana,Carolina,Cunha,da Cunha,38,2017-07-22
153,Daniel,,Lopes,Castro Alegre,28,2019-04-13
154,Nina,,Correia,Abreu de Minas,28,2015-03-24
155,Sr.,Mathias,Sampaio,Araújo,51,2018-12-18
156,Alice,da,Luz,Fonseca,25,2012-12-01
157,Diogo,da,Rosa,da Costa,23,2018-04-16
158,Lucca,,Gonçalves,Barbosa,34,2021-12-31
159,Isaque,,Gomes,Montenegro,60,2013-02-28
160,Daniela,,Gomes,Melo,55,2015-10-06
161,Alícia,,Borges,Jesus dos Dourados,39,2016-03-27
162,Elisa,,Cardoso,Sousa do Oeste,23,2012-07-06
163,Dr.,Lorenzo Casa,Grande,Aragão Alegre,27,2022-10-03
164,Larissa,,Aragão,Monteiro do Oeste,42,2020-01-29
165,Breno,,Martins,Almeida de Goiás,23,2022-10-14
166,Liz,,Moreira,Campos,30,2013-11-06
167,Alice,da,Costa,Fernandes,20,2020-10-24
168,Eduardo,,Cunha,Costela,34,2018-02-25
169,Sra.,Allana,Correia,Vasconcelos das Pedras,62,2020-07-16
170,Léo,,Farias,Silva,25,2020-09-26
171,Ísis,,Fernandes,Peixoto,38,2022-08-11
172,Ian,,Cunha,Mendes de Sá,25,2013-11-26
173,Joana,,Costela,Farias de Barbosa,46,2015-10-26
174,Carolina,,Barros,Teixeira,63,2013-09-23
175,Lorenzo,da,Cruz,Vasconcelos do Galho,32,2018-06-04
176,Enzo,Gabriel,Almeida,Sales,40,2022-08-11
177,Vitor,Hugo da,Luz,Pereira,55,2013-02-02
178,José,Miguel,Rodrigues,Souza,23,2018-03-03
179,Juan,,Andrade,Souza da Praia,65,2020-10-08
180,Leandro,da,Costa,Almeida do Norte,32,2021-05-08
181,Isaac,,Rios,da Cruz de Costa,40,2015-10-05
182,Antônio,,Araújo,Sá,47,2018-02-26
183,Sarah,,Borges,Souza de Siqueira,58,2017-03-21
184,João,Vitor,Pacheco,Cunha da Serra,62,2015-04-18
185,Srta.,Maria Isis,Correia,Pastor Alegre,36,2014-05-12
186,Gustavo,da,Mata,Guerra,39,2020-01-20
187,Emilly,,Novaes,Moura das Flores,48,2021-12-20
188,Dra.,Maria Clara,Melo,Ferreira,21,2014-12-04
189,Laís,,Souza,Silveira,23,2018-07-05
190,Clarice,da,Mata,Moreira,55,2014-08-02
191,Bruno,,Abreu,Caldeira,37,2022-09-02
192,Dr.,Alexandre,Montenegro,Aparecida,38,2015-10-21
193,Valentina,,Cavalcante,Nascimento,57,2013-06-25
194,Dra.,Mariah da,Cruz,Casa Grande,30,2018-05-03
195,Alícia,,Moreira,Moura,51,2013-10-19
196,Thomas,,Freitas,da Cruz das Pedras,33,2019-01-13
197,André,,Albuquerque,Moura de Cavalcanti,35,2019-12-19
198,João,Vitor,Pimenta,Rocha,51,2013-05-02
199,Caleb,,Castro,Cassiano,36,2020-04-14
200,Lucas,,Aragão,da Rocha de Costela,44,2014-03-14
201,Bella,,Costa,Novais,55,2020-09-24
202,Rael,,Cirino,Cardoso de Sousa,41,2016-05-15
203,Fernanda,,Oliveira,Castro de Goiás,64,2013-10-21
204,Maysa,,Lopes,Cavalcante,22,2019-02-20
205,Anna,Liz,Machado,Rios das Pedras,57,2015-03-25
206,Ravi,Lucca,Farias,Azevedo,54,2014-04-21
207,Gael,Henrique,Carvalho,Peixoto do Campo,54,2022-07-06
208,João,Lucas,Pimenta,Moreira de da Rosa,45,2021-08-21
209,Ana,Clara,Nogueira,Cavalcante do Oeste,43,2021-06-09
210,Rebeca,,Novais,Araújo da Mata,61,2019-09-01
211,Ana,Julia,Monteiro,Aparecida,30,2021-08-26
212,Emanuella,,Santos,da Costa Verde,32,2020-01-04
213,Luana,,Barbosa,Porto das Flores,20,2012-01-22
214,Allana,,Novais,Pereira,57,2016-06-24
215,Srta.,Ana Sophia,Pastor,Teixeira,35,2018-08-26
216,Srta.,Lunna,Silveira,da Conceição,54,2016-08-11
217,Isabella,,Oliveira,da Luz,41,2022-08-01
218,Kevin,,Costela,Vieira de Almeida,57,2016-10-11
219,Kevin,,Cardoso,Mendonça da Prata,23,2012-09-27
220,Benjamin,da,Mata,Aparecida,62,2014-06-18
221,Srta.,Maria Liz,Barbosa,Pacheco,19,2019-12-18
222,Bernardo,,Sampaio,Vasconcelos Paulista,24,2020-02-05
223,Paulo,,Abreu,Dias da Serra,48,2020-01-10
224,Emanuelly,,Teixeira,Vasconcelos de Minas,45,2012-11-03
225,Ana,Beatriz,Monteiro,Sampaio da Praia,41,2015-12-30
226,Liz,da,Cunha,Guerra,30,2015-08-27
227,Helena,,Ferreira,Borges,31,2022-09-14
228,Dra.,Manuela,Ferreira,Castro,54,2013-06-19
229,Srta.,Larissa,Machado,Cirino de Vieira,38,2022-08-28
230,Gabriel,,Macedo,Machado Alegre,30,2016-05-20
231,Emanuel,,Nogueira,Ferreira,59,2014-11-01
232,Stella,,Porto,Moreira do Oeste,50,2013-10-14
233,Ágatha,,Correia,Silva,21,2015-09-13
234,Sr.,Rhavi,Pimenta,Câmara,18,2020-03-22
235,Igor,,Rocha,Rezende,53,2019-11-05
236,Agatha,,Câmara,Garcia do Norte,31,2016-11-23
237,Maitê,da,Mota,Moraes,40,2018-10-07
238,Benjamim,da,Cunha,Azevedo,25,2019-12-13
239,Ana,Julia,Rios,Andrade,22,2021-08-03
240,Yan,da,Mota,Silveira de Teixeira,28,2021-09-06
241,Matheus,,Araújo,Guerra do Amparo,34,2015-09-15
242,Emanuella,,Sampaio,Pires de Farias,38,2015-06-07
243,Sr.,Davi Luiz,Freitas,Silva de Goiás,19,2012-01-29
244,Helena,,Barbosa,da Mota do Sul,48,2022-06-23
245,Antônio,,Montenegro,Rodrigues de Rodrigues,26,2017-03-27
246,Aylla,da,Mota,Viana,35,2016-02-04
247,Sr.,Juan,Ferreira,da Rosa do Campo,41,2022-11-05
248,Sr.,Bernardo da,Paz,Mendes,27,2022-06-10
249,Luiz,Henrique,Macedo,Ramos,29,2015-09-08
250,Benjamin,,Ribeiro,Sá,38,2014-01-24
251,João,Lucas,Correia,Mendes de Fernandes,28,2020-02-02
252,Murilo,,Fonseca,Ribeiro de Novaes,23,2019-07-21
253,Gael,,Câmara,Sampaio Verde,37,2020-09-09
254,Rebeca,,Lima,Cunha do Sul,26,2020-01-09
255,Oliver,,Barbosa,Rios,26,2019-12-09
256,Fernando,,Martins,Barbosa,45,2016-08-10
257,Maria,Clara,Macedo,das Neves da Serra,37,2013-05-30
258,Emanuelly,,Lopes,Fonseca de Goiás,45,2022-03-30
259,Sra.,Lavínia,Gonçalves,Pastor,51,2015-02-05
260,Gustavo,Henrique,Barbosa,Pires de Fernandes,39,2015-06-08
261,Ana,Clara,Camargo,Caldeira Grande,47,2015-09-25
262,Sra.,Bruna,Almeida,Dias de Albuquerque,50,2021-05-25
263,Ana,Laura da,Cunha,Sá da Prata,60,2022-11-25
264,Sophia,,Sales,Sales de Minas,42,2014-11-28
265,Fernanda,,Pacheco,Vasconcelos,36,2021-02-16
266,Sr.,Davi Lucas da,Cunha,Vargas,43,2016-07-06
267,Yasmin,da,Paz,Costa,62,2012-07-15
268,Sr.,Isaque,Santos,Pereira das Pedras,18,2018-01-16
269,Vitor,Hugo,Dias,Farias,59,2021-07-25
270,João,Miguel,Ribeiro,Novais da Praia,20,2017-04-16
271,Maria,Liz,Vasconcelos,Barbosa,42,2019-10-14
272,Alice,,Monteiro,Mendes de Minas,25,2018-11-11
273,Oliver,,Ramos,Leão das Pedras,48,2022-09-11
274,Benjamim,,Rios,Abreu,29,2018-08-01
275,Fernanda,,Novais,Azevedo,34,2014-09-05
276,Dr.,Luiz Fernando,Guerra,Novaes,45,2020-12-28
277,Dr.,Lucas,Macedo,Pires,29,2013-09-01
278,Eduardo,,Rocha,Ramos Alegre,37,2016-08-23
279,Carolina,,Vieira,Ramos,47,2012-12-05
280,Henry,,Farias,Fernandes da Praia,32,2022-08-12
281,Luara,,Mendonça,Nogueira da Mata,19,2016-05-11
282,Clarice,,Alves,Pimenta de das Neves,39,2021-08-11
283,Allana,,Gonçalves,Cassiano do Campo,55,2017-08-02
284,Caroline,,Cavalcanti,Vieira,27,2018-01-30
285,Marcelo,,Macedo,Moreira das Flores,19,2012-07-14
286,Luiz,Fernando da,Rocha,Pires,61,2014-06-07
287,Agatha,,Sampaio,Gonçalves,37,2021-01-06
288,Sr.,Bruno,Pereira,Cirino da Serra,30,2020-05-29
289,Sabrina,,Porto,Cunha,65,2012-11-29
290,Renan,,Costela,Fernandes de da Costa,23,2013-06-01
291,Miguel,,Sampaio,Silva,53,2021-01-02
292,Benjamin,,Rios,Marques de Macedo,27,2019-10-30
293,Esther,,Pires,Castro das Pedras,24,2012-03-24
294,Hadassa,,Guerra,da Rosa das Pedras,65,2013-02-13
295,Dra.,Isabela,Sousa,da Cruz dos Dourados,28,2019-03-09
296,Pietra,,Vasconcelos,Fonseca,21,2018-06-26
297,Luiz,Otávio,Camargo,Lopes Grande,43,2019-03-26
298,Sra.,Caroline da,Costa,Sampaio do Campo,18,2017-11-07
299,Pedro,,Sampaio,Rezende das Flores,60,2012-03-15
300,Guilherme,,Costa,Barbosa de Rezende,40,2017-10-05
301,Marcelo,,Viana,Rodrigues,30,2018-11-02
302,Sr.,Rael,Marques,Moreira de Rocha,21,2013-09-09
303,Clara,da,Costa,Mendonça,51,2017-04-15
304,Lunna,,Cavalcante,Teixeira das Pedras,32,2014-03-21
305,Maria,Fernanda,Nunes,da Conceição Paulista,34,2015-03-30
306,Emanuella,,Aragão,Cassiano de Martins,42,2017-08-16
307,Marcela,,Cirino,Machado,46,2014-05-20
308,Luiz,Felipe,Guerra,Correia,57,2020-08-17
309,Laís,,Cardoso,Mendonça de Montenegro,28,2017-09-26
310,Ana,Liz,Albuquerque,Casa Grande,26,2017-08-22
311,Matheus,,Araújo,Peixoto de Cavalcanti,25,2018-05-27
312,Alexandre,,Gonçalves,Martins de Camargo,35,2012-08-26
313,Benjamin,,Rezende,Brito,44,2022-04-25
314,Leandro,,Porto,Guerra,65,2012-05-06
315,Maria,Vitória,Teixeira,Pacheco,65,2020-08-08
316,Sr.,Thales,Ferreira,Leão,22,2015-05-05
317,Rebeca,,Gomes,Santos,23,2019-08-03
318,Rael,,Alves,Moura Alegre,61,2014-04-03
319,Mariane,,Fernandes,Machado de Montenegro,26,2013-01-25
320,Vitor,Gabriel,Lopes,Cardoso,57,2022-04-05
321,Ana,Lívia,Silveira,Novais,19,2020-08-31
322,Murilo,,Souza,da Mata do Sul,47,2014-08-19
323,Henrique,,Dias,Câmara,19,2016-12-21
324,Caio,,Andrade,Costela de Almeida,25,2013-06-16
325,Mariana,,Barros,Cassiano,19,2022-08-30
326,Dr.,Liam,Moraes,Fogaça da Mata,41,2020-07-03
327,Brayan,,Mendes,Pimenta,50,2017-07-31
328,Oliver,,Gonçalves,Ferreira,51,2012-08-30
329,Manuela,,Sales,Aragão de Melo,38,2013-05-14
330,Pedro,,Camargo,Cavalcante,24,2021-02-08
331,Luiz,Miguel,Santos,Dias,65,2018-01-30
332,Pietra,,Pimenta,Albuquerque do Campo,60,2019-07-22
333,Josué,,Pastor,Mendonça,43,2012-01-03
334,Rael,,Santos,Machado Paulista,20,2016-09-14
335,Srta.,Aurora,Jesus,Casa Grande da Mata,22,2014-01-07
336,Emilly,,Camargo,Moreira,24,2018-03-20
337,Luara,,Rodrigues,da Cunha,48,2018-09-28
338,Alana,da,Costa,Correia,58,2014-07-04
339,Daniel,,Correia,Aragão,36,2015-08-08
340,Diego,,Teixeira,Lopes do Amparo,46,2019-12-12
341,Dra.,Sofia,Campos,Campos Verde,32,2013-07-27
342,Pedro,Miguel,Novais,Jesus,27,2021-08-31
343,Luan,,Ferreira,Montenegro da Prata,25,2013-04-15
344,Leonardo,,Montenegro,Sampaio,60,2016-08-01
345,Bella,,Vieira,Ribeiro,62,2016-09-23
346,João,da,Cunha,Sampaio,51,2022-07-30
347,Maria,Isis,Mendes,da Conceição,59,2014-02-23
348,Antonella,,Montenegro,Rezende Verde,33,2021-05-24
349,Maitê,,Cassiano,Camargo do Sul,37,2016-06-08
350,Igor,,Ramos,Lima,46,2020-12-04
351,Thiago,,Barros,Lima,54,2020-11-16
352,Yago,,Nunes,da Paz do Campo,40,2019-11-21
353,Luigi,da,Cunha,da Mota de Goiás,57,2022-04-02
354,Josué,,Novais,Santos da Serra,34,2014-08-22
355,Srta.,Olivia,Silveira,Camargo,38,2013-05-13
356,Maria,Flor das,Neves,Brito,61,2019-03-25
357,Dr.,Igor,Mendes,Albuquerque de Lopes,59,2015-01-18
358,Igor,,Andrade,Caldeira,24,2015-05-14
359,Srta.,Giovanna,Aragão,Souza,33,2013-04-30
360,Davi,Lucas,Montenegro,da Cruz de da Rosa,26,2019-11-16
361,Arthur,Gabriel,Sales,da Rocha da Praia,26,2021-11-08
362,José,Pedro,Souza,Aragão,24,2012-11-15
363,Hellena,,Lima,Pacheco,60,2018-11-01
364,Sr.,Miguel,Vargas,da Cruz,62,2017-01-08
365,Diego,,Moura,Araújo,39,2013-06-16
366,Isis,,Pereira,Alves do Amparo,46,2020-04-12
367,Maria,Sophia,Araújo,Silva,49,2017-04-03
368,Maria,Liz,Oliveira,da Paz,45,2021-04-29
369,João,,Fogaça,Albuquerque da Serra,62,2019-08-22
370,Apollo,,Machado,Almeida,42,2013-08-08
371,Elisa,,Porto,Pinto Grande,65,2013-03-05
372,Joaquim,,Oliveira,Azevedo de Albuquerque,26,2019-12-18
373,Dr.,Nicolas,Correia,da Costa,32,2021-05-25
374,Ayla,,Novaes,Brito,39,2018-05-05
375,Cecilia,,Azevedo,Oliveira,23,2020-04-10
376,Sra.,Stephany,Sousa,Vieira,38,2012-06-10
377,Antônio,,Moreira,Alves,50,2020-02-07
378,Raquel,,Silva,Santos do Oeste,20,2013-06-28
379,Ana,Sophia,Mendes,Marques Alegre,64,2015-08-24
380,Yago,,Pastor,Pimenta,56,2022-03-26
381,Ravi,Lucca,Silva,da Conceição dos Dourados,49,2020-06-30
382,Fernanda,,Azevedo,Castro da Prata,18,2019-10-22
383,Dr.,Léo,Nogueira,Almeida,47,2021-08-17
384,Fernando,,Leão,Rios,24,2014-08-23
385,Igor,,Correia,Borges do Sul,25,2014-07-24
386,Liam,,Freitas,Siqueira Alegre,27,2013-03-21
387,Ana,Cecília,Monteiro,Cavalcanti,30,2018-11-16
388,Erick,,Brito,Pires,30,2020-05-06
389,Marina,,Macedo,da Mata de Cardoso,53,2015-04-24
390,Ana,Carolina da,Rocha,Camargo Grande,50,2015-04-04
391,Alícia,,Rios,Nascimento de Ribeiro,48,2017-11-02
392,Breno,,Siqueira,Cunha do Galho,35,2022-09-18
393,Dr.,Oliver,Rodrigues,Pacheco,62,2022-03-11
394,Sra.,Kamilly,Lima,da Rosa das Flores,62,2014-12-12
395,Hadassa,,Borges,Cavalcanti de Viana,43,2013-08-20
396,Guilherme,,Silveira,Monteiro,54,2012-05-30
397,Mirella,das,Neves,Lopes das Pedras,41,2015-01-15
398,Maria,,Campos,da Mota da Praia,41,2021-01-31
399,Isaque,,Machado,da Cunha,50,2016-04-28
400,Manuella,,Lima,Novaes,26,2018-02-28
401,Elisa,,Vasconcelos,Freitas,34,2012-06-19
402,Maitê,,Melo,Costela,65,2021-01-29
403,Rodrigo,,Camargo,Ramos da Praia,47,2021-05-12
404,Pedro,Henrique,Marques,Novaes de da Paz,32,2016-04-15
405,Caio,,Freitas,Porto da Prata,62,2022-04-24
406,Sra.,Nicole da,Mata,Santos,40,2014-02-04
407,Gael,,Leão,Brito,62,2012-07-14
408,Noah,,Farias,Sá,18,2019-10-25
409,Luiz,Henrique,Santos,Vargas,50,2017-12-07
410,Maria,Sophia,Ramos,Oliveira do Oeste,53,2013-03-18
411,Benicio,,Santos,Carvalho do Campo,37,2017-03-29
412,Dr.,Fernando,Moreira,Sales da Mata,30,2021-11-01
413,Giovanna,,Sampaio,Camargo de Casa Grande,35,2019-05-17
414,Ágatha,,Moreira,Garcia,24,2018-04-16
415,Leandro,,Macedo,Freitas,55,2020-11-11
416,Isaque,,Cardoso,Santos de Sampaio,62,2016-08-26
417,Vinicius,,Martins,Vargas de Camargo,36,2012-11-15
418,Eduardo,,Montenegro,Montenegro,52,2015-06-30
419,Fernando,,Rocha,da Conceição,19,2015-05-16
420,Dra.,Isabella,Mendonça,Caldeira da Prata,27,2019-06-15
421,Isabella,,Teixeira,Câmara,34,2012-03-27
422,Caroline,,Andrade,Brito,58,2020-11-30
423,Alexandre,,Macedo,Moraes,54,2021-12-11
424,Isis,,Castro,Ribeiro dos Dourados,19,2015-04-27
425,Yuri,,Vargas,Pires,19,2014-01-09
426,Cecilia,,Camargo,Castro do Amparo,32,2020-09-26
427,Anna,Liz,Vieira,Cunha de Carvalho,36,2019-06-28
428,Levi,,Nascimento,Caldeira da Prata,42,2013-06-02
429,Maria,Isis,Rios,Ribeiro dos Dourados,50,2022-04-29
430,Sofia,,Almeida,Pereira,20,2017-02-05
431,Emanuel,,Moraes,Pinto,62,2017-07-09
432,Nicolas,,Vieira,Fonseca,31,2012-12-06
433,Mathias,da,Paz,Machado da Mata,55,2021-06-20
434,Evelyn,,Vieira,Fonseca,40,2012-09-10
435,Sr.,Asafe,Moreira,Moreira,43,2018-04-17
436,Luigi,,Fonseca,Vasconcelos de Goiás,51,2017-02-02
437,Laís,,Pastor,Cardoso,24,2020-12-27
438,Benjamin,,Vasconcelos,da Luz da Serra,65,2016-03-12
439,Carolina,,Santos,Macedo de Nascimento,35,2015-07-19
440,Cecilia,,Ramos,Cunha,47,2016-11-10
441,Pedro,Lucas,Borges,Lima do Galho,53,2017-10-16
442,Gael,,Ribeiro,Brito,35,2019-02-26
443,Yasmin,,Abreu,Teixeira,63,2015-12-04
444,Luísa,,Caldeira,Nascimento Grande,56,2018-04-12
445,Isabel,,Campos,da Paz Verde,20,2019-06-27
446,João,Guilherme,Barbosa,Barbosa do Oeste,42,2020-09-13
447,Ravy,,Novais,Azevedo de Viana,54,2020-09-21
448,Isadora,,Campos,Montenegro,61,2021-01-15
449,Heloísa,,Pastor,Montenegro Grande,50,2021-06-23
450,Maria,Luísa,Melo,Sousa,18,2012-02-10
451,Sra.,Rafaela,Sousa,Pacheco,46,2019-10-04
452,Luigi,,Cirino,Rodrigues,19,2012-08-08
453,Antony,,Oliveira,Martins da Serra,36,2021-12-08
454,Srta.,Julia,Cavalcanti,da Costa das Pedras,44,2017-01-07
455,Henry,,Moura,Azevedo de Machado,25,2018-09-24
456,Raul,Casa,Grande,Aparecida da Serra,40,2015-01-30
457,Catarina,,Costela,Moura,51,2016-10-02
458,Liam,,Campos,Vargas,62,2021-03-21
459,Vitor,,Santos,Castro de Cirino,31,2017-07-21
460,Dra.,Giovanna,Silva,Farias da Praia,47,2017-01-19
461,Matheus,da,Rosa,Gonçalves Paulista,33,2017-10-13
462,Ana,Julia,Alves,Freitas,23,2014-07-01
463,Luiz,Miguel,Monteiro,Castro de Moraes,21,2017-02-11
464,Sabrina,,Mendes,Silveira,61,2019-03-01
465,Dra.,Melina,Novais,Nascimento,35,2021-08-25
466,Sra.,Ana Carolina,Jesus,das Neves,30,2014-02-11
467,Dr.,Bryan,Araújo,Rios,39,2017-08-10
468,Dra.,Maya,Cavalcante,Siqueira,28,2017-11-13
469,Sr.,Gabriel,Ramos,Carvalho da Mata,30,2013-08-18
470,Giovanna,,Pacheco,da Luz da Serra,23,2020-04-03
471,Vicente,,Alves,Caldeira,23,2016-08-26
472,Ana,Luiza,Moura,Silva Verde,44,2022-03-30
473,Lucas,da,Conceição,Borges das Pedras,53,2019-07-13
474,Mateus,,Fogaça,Abreu,36,2020-10-06
475,Henry,,Gonçalves,Barros,58,2017-08-28
476,Sr.,Guilherme,Martins,Marques da Serra,54,2019-07-13
477,Dra.,Sophie,Pacheco,Garcia,59,2022-06-20
478,Sr.,Anthony,Abreu,Porto,35,2022-01-30
479,Isadora,,Aragão,Cassiano,23,2016-01-24
480,Kevin,,Cunha,Pacheco Paulista,26,2014-06-30
481,Maria,,Macedo,Cavalcante,31,2022-07-24
482,Letícia,,Aragão,Melo da Mata,28,2020-07-19
483,Maria,Luísa,Jesus,Costela,33,2015-11-24
484,Paulo,da,Mota,Moura do Sul,23,2015-05-29
485,Lorena,,Almeida,Oliveira de Goiás,27,2012-04-02
486,Clara,,Jesus,Sales da Serra,25,2017-09-22
487,Sra.,Ana Liz,Peixoto,da Rosa,32,2017-06-18
488,Olívia,,Câmara,Pereira da Praia,24,2013-11-17
489,Pedro,Lucas,Gonçalves,Nascimento,35,2012-12-03
490,Danilo,,Moraes,Nascimento de da Rocha,65,2012-05-31
491,Ana,Carolina,Vargas,Ribeiro,32,2022-09-02
492,Daniela,,Moura,Caldeira Paulista,28,2014-01-11
493,José,Miguel,Abreu,Moura das Flores,63,2014-03-30
494,Diego,,Camargo,Leão,51,2015-04-26
495,Bella,,Mendonça,Pinto Grande,60,2019-05-21
496,Emanuelly,,Barbosa,Garcia,43,2016-02-03
497,Mariane,,Carvalho,Oliveira de Minas,38,2021-09-07
498,Dr.,Vinícius,Alves,Nogueira,37,2015-04-16
499,Ravi,Lucca,Guerra,Macedo Paulista,56,2012-11-20
500,Milena,,Montenegro,Borges,45,2014-02-04
